Mon super auteur,Ma super description
Mon super auteur,Ma super description
Mon super auteur,Ma super description
Mon super auteur,Ma super description
super_auteur,super_gossip
super_auteur,super_gossip
super_auteur,super_gossip
super_auteur,super_gossip
super_auteur,super_gossip
super_auteur,super_gossip
ret,a(y
ret,allertur
,allertur
gregre,grugru
prout ,prat
erteyr,qeryt
eqzsrdfgh,zerg
test,testtttt
test,testtttt
test,testtttt
test,testtttt
test,testtttt
test,testtttt
test,testtttt
test,testtttt
test,testtttt
test,testtttt
coucou,couto
coucou,couto
test,testtttt
test,testtttt
chien ,chat
